{"n_train": 8000, "n_test": 2000, "n_params": 2955, "horizons_days": [1, 3, 7], "final_metrics": {"auc_1d": 0.8170553354687266, "brier_1d": 0.10427267401300244, "pos_rate_1d": 0.15150000154972076, "auc_3d": 0.8234262118626938, "brier_3d": 0.15160268130012208, "pos_rate_3d": 0.3070000112056732, "auc_7d": 0.8490063643303574, "brier_7d": 0.15633932636189393, "pos_rate_7d": 0.42899999022483826}, "train_loss_curve": [0.6051783218383789, 0.5213604035377503, 0.45444272089004517, 0.4438628008365631, 0.44528114652633666, 0.43474623250961303, 0.43483385372161865, 0.43436340141296387, 0.4282467505931854, 0.4325137748718262, 0.4252295417785645, 0.4207270576953888, 0.4242369410991669, 0.4254453303813934, 0.42274832582473754, 0.42117746448516846, 0.42913989877700803, 0.42349379539489745, 0.4209903917312622, 0.42356473207473755], "symptom_keys": ["fatigue", "jointPain", "headache", "brainFog", "fever", "neckStiffness", "facialDroop", "heartPalpitations", "rash", "muscleAches", "chills", "swollenLymphNodes", "dizziness", "nightSweats"], "red_flag_keys": ["neckStiffness", "facialDroop", "heartPalpitations"]}