{"auc": 1.0, "brier": 0.00022066778054385556, "val_loss": 0.06346284687519073, "n_train": 8000, "n_test": 2000, "n_params": 1553, "seq_len": 14, "symptom_keys": ["fatigue", "jointPain", "headache", "brainFog", "fever", "neckStiffness", "facialDroop", "heartPalpitations", "rash", "muscleAches", "chills", "swollenLymphNodes", "dizziness", "nightSweats"], "train_loss_curve": [0.37567846405506133, 0.10816379022598267, 0.08393673640489578, 0.07539769554138184, 0.07049236494302749, 0.06923449805378915, 0.06696598470211029, 0.06602682703733444, 0.06573034048080445, 0.06518328511714935, 0.0642510882616043, 0.06362457555532455, 0.06329277846217156, 0.06280318886041641, 0.0626801924109459], "val_auc_curve": [0.9999709981438812, 1.0, 1.0, 1.0, 1.0, 1.0, 1.0, 1.0, 1.0, 1.0, 1.0, 1.0, 1.0, 1.0, 1.0], "example_input": [[1.0, 0.0, 1.0, 0.0, 1.0, 0.0, 0.0, 0.0, 1.0, 0.0, 1.0, 0.0, 0.0, 1.0], [0.0, 0.0, 0.0, 0.0, 0.0, 0.0, 0.0, 0.0, 0.0, 1.0, 0.0, 1.0, 0.0, 0.0], [1.0, 0.0, 0.0, 1.0, 0.0, 0.0, 0.0, 0.0, 0.0, 0.0, 1.0, 1.0, 0.0, 0.0], [1.0, 0.0, 0.0, 1.0, 0.0, 0.0, 0.0, 0.0, 0.0, 1.0, 0.0, 0.0, 0.0, 0.0], [1.0, 0.0, 1.0, 0.0, 0.0, 0.0, 0.0, 0.0, 0.0, 1.0, 0.0, 0.0, 0.0, 1.0], [1.0, 0.0, 1.0, 1.0, 0.0, 0.0, 0.0, 1.0, 0.0, 0.0, 0.0, 0.0, 0.0, 0.0], [1.0, 0.0, 1.0, 0.0, 0.0, 0.0, 0.0, 0.0, 0.0, 0.0, 0.0, 1.0, 0.0, 0.0], [1.0, 0.0, 1.0, 0.0, 0.0, 0.0, 0.0, 0.0, 1.0, 0.0, 0.0, 0.0, 0.0, 0.0], [1.0, 0.0, 1.0, 0.0, 1.0, 0.0, 0.0, 0.0, 0.0, 0.0, 1.0, 0.0, 0.0, 0.0], [1.0, 1.0, 0.0, 0.0, 1.0, 0.0, 0.0, 1.0, 1.0, 1.0, 0.0, 0.0, 0.0, 1.0], [1.0, 0.0, 0.0, 0.0, 0.0, 0.0, 0.0, 0.0, 0.0, 0.0, 0.0, 0.0, 1.0, 1.0], [0.0, 0.0, 1.0, 1.0, 1.0, 0.0, 0.0, 0.0, 1.0, 0.0, 1.0, 1.0, 0.0, 0.0], [1.0, 0.0, 1.0, 0.0, 1.0, 0.0, 0.0, 0.0, 1.0, 1.0, 0.0, 0.0, 0.0, 1.0], [0.0, 1.0, 1.0, 0.0, 1.0, 0.0, 0.0, 0.0, 1.0, 0.0, 1.0, 0.0, 0.0, 0.0]], "example_per_step_prob": [0.9221801161766052, 0.782029926776886, 0.9296290278434753, 0.9802990555763245, 0.9964320659637451, 0.9990789890289307, 0.9989709854125977, 0.9989499449729919, 0.9989588260650635, 0.9997078776359558, 0.999645471572876, 0.9997158646583557, 0.9997735619544983, 0.9997075200080872]}